UserID,Date,Time,Reconstruction Loss,
UserID1,1/1/2023,0:00:00,0.489261163,
UserID1,1/1/2023,1:00:00,0.514421028,
UserID1,1/1/2023,2:00:00,0.631647835,
UserID1,1/1/2023,3:00:00,0.634774544,
UserID1,1/1/2023,4:00:00,0.48382738,
UserID1,1/1/2023,5:00:00,0.384012417,
UserID1,1/1/2023,6:00:00,0.399091654,
UserID1,1/1/2023,7:00:00,0.517121018,
UserID1,1/1/2023,8:00:00,0.457889778,
UserID1,1/1/2023,9:00:00,0.35764924,
UserID1,1/1/2023,10:00:00,0.431114982,
UserID1,1/1/2023,11:00:00,0.502728187,
UserID1,1/1/2023,12:00:00,0.474143572,
UserID1,1/1/2023,13:00:00,0.538611345,
UserID1,1/1/2023,14:00:00,0.508997774,
UserID1,1/1/2023,15:00:00,0.382126682,
UserID1,1/1/2023,16:00:00,0.595722966,
UserID1,1/1/2023,17:00:00,0.523867266,
UserID1,1/1/2023,18:00:00,0.468178156,
UserID1,1/1/2023,19:00:00,0.552425035,
UserID1,1/1/2023,20:00:00,0.458239565,
UserID1,1/1/2023,21:00:00,0.484731094,
UserID1,1/1/2023,22:00:00,0.523776669,
UserID1,1/1/2023,23:00:00,0.51495544,
UserID1,1/2/2023,0:00:00,0.569267064,
UserID1,1/2/2023,1:00:00,0.497261556,
UserID1,1/2/2023,2:00:00,0.486472143,
UserID1,1/2/2023,3:00:00,0.530806395,
UserID1,1/2/2023,4:00:00,0.550565346,
UserID1,1/2/2023,5:00:00,0.520595001,
UserID1,1/2/2023,6:00:00,0.531404029,
UserID1,1/2/2023,7:00:00,0.502971797,
UserID1,1/2/2023,8:00:00,0.470339814,
UserID1,1/2/2023,9:00:00,0.562041828,
UserID1,1/2/2023,10:00:00,0.426080399,
UserID1,1/2/2023,11:00:00,0.451933203,
UserID1,1/2/2023,12:00:00,0.486821298,
UserID1,1/2/2023,13:00:00,0.569966369,
UserID1,1/2/2023,14:00:00,0.580857202,
UserID1,1/2/2023,15:00:00,0.49365887,
UserID1,1/2/2023,16:00:00,0.551405235,
UserID1,1/2/2023,17:00:00,0.532259542,
UserID1,1/2/2023,18:00:00,0.493609547,
UserID1,1/2/2023,19:00:00,0.430159293,
UserID1,1/2/2023,20:00:00,0.427240162,
UserID1,1/2/2023,21:00:00,0.531804947,
UserID1,1/2/2023,22:00:00,0.554252877,
UserID1,1/2/2023,23:00:00,0.528481635,
UserID1,1/3/2023,0:00:00,0.500731234,
UserID1,1/3/2023,1:00:00,0.556813699,
UserID1,1/3/2023,2:00:00,0.391219415,
UserID1,1/3/2023,3:00:00,0.611785202,
UserID1,1/3/2023,4:00:00,0.601394617,
UserID1,1/3/2023,5:00:00,0.582242247,
UserID1,1/3/2023,6:00:00,0.561806945,
UserID1,1/3/2023,7:00:00,0.537915652,
UserID1,1/3/2023,8:00:00,0.493755946,
UserID1,1/3/2023,9:00:00,0.562243802,
UserID1,1/3/2023,10:00:00,0.48106157,
UserID1,1/3/2023,11:00:00,0.494663964,
UserID1,1/3/2023,12:00:00,0.483073525,
UserID1,1/3/2023,13:00:00,0.488265356,
UserID1,1/3/2023,14:00:00,0.469168486,
UserID1,1/3/2023,15:00:00,0.507233338,
UserID1,1/3/2023,16:00:00,0.456024476,
UserID1,1/3/2023,17:00:00,0.412104513,
UserID1,1/3/2023,18:00:00,0.541049174,
UserID1,1/3/2023,19:00:00,0.488275406,
UserID1,1/3/2023,20:00:00,0.353472854,
UserID1,1/3/2023,21:00:00,0.507500519,
UserID1,1/3/2023,22:00:00,0.49518412,
UserID1,1/3/2023,23:00:00,0.574833607,
UserID1,1/4/2023,0:00:00,0.509284792,
UserID1,1/4/2023,1:00:00,0.504891677,
UserID1,1/4/2023,2:00:00,0.462795969,
UserID1,1/4/2023,3:00:00,0.597162506,
UserID1,1/4/2023,4:00:00,0.469927071,
UserID1,1/4/2023,5:00:00,0.465874814,
UserID1,1/4/2023,6:00:00,0.546984186,
UserID1,1/4/2023,7:00:00,0.48643798,
UserID1,1/4/2023,8:00:00,0.600066486,
UserID1,1/4/2023,9:00:00,0.494254207,
UserID1,1/4/2023,10:00:00,0.498329044,
UserID1,1/4/2023,11:00:00,0.546545358,
UserID1,1/4/2023,12:00:00,0.469306633,
UserID1,1/4/2023,13:00:00,0.487908181,
UserID1,1/4/2023,14:00:00,0.430146117,
UserID1,1/4/2023,15:00:00,0.463814085,
UserID1,1/4/2023,16:00:00,0.512804821,
UserID1,1/4/2023,17:00:00,0.516915231,
UserID1,1/4/2023,18:00:00,0.474987304,
UserID1,1/4/2023,19:00:00,0.520458954,
UserID1,1/4/2023,20:00:00,0.4711733,
UserID1,1/4/2023,21:00:00,0.512488245,
UserID1,1/4/2023,22:00:00,0.573348994,
UserID1,1/4/2023,23:00:00,0.410126742,
UserID1,1/5/2023,0:00:00,1.080198309,
UserID1,1/5/2023,1:00:00,0.924070863,
UserID1,1/5/2023,2:00:00,0.213535551,
UserID1,1/5/2023,3:00:00,0.979518847,
UserID1,1/5/2023,4:00:00,1.04762641,
UserID1,1/5/2023,5:00:00,0.225697411,
UserID1,1/5/2023,6:00:00,0.212843323,
UserID1,1/5/2023,7:00:00,0.899649189,
UserID1,1/5/2023,8:00:00,0.167139383,
UserID1,1/5/2023,9:00:00,1.045058886,
UserID1,1/5/2023,10:00:00,0.949373446,
UserID1,1/5/2023,11:00:00,0.183317325,
UserID1,1/5/2023,12:00:00,0.251423682,
UserID1,1/5/2023,13:00:00,0.266081156,
UserID1,1/5/2023,14:00:00,0.977345897,
UserID1,1/5/2023,15:00:00,0.248816244,
UserID1,1/5/2023,16:00:00,0.931691415,
UserID1,1/5/2023,17:00:00,0.149441571,
UserID1,1/5/2023,18:00:00,1.094368297,
UserID1,1/5/2023,19:00:00,0.164395476,
UserID1,1/5/2023,20:00:00,1.026566583,
UserID1,1/5/2023,21:00:00,0.243217291,
UserID1,1/5/2023,22:00:00,0.136891688,
UserID1,1/5/2023,23:00:00,0.15905037,
UserID1,1/6/2023,0:00:00,0.467586975,
UserID1,1/6/2023,1:00:00,0.364269979,
UserID1,1/6/2023,2:00:00,0.546844816,
UserID1,1/6/2023,3:00:00,0.50060732,
UserID1,1/6/2023,4:00:00,0.462620305,
UserID1,1/6/2023,5:00:00,0.447692755,
UserID1,1/6/2023,6:00:00,0.456165163,
UserID1,1/6/2023,7:00:00,0.494383111,
UserID1,1/6/2023,8:00:00,0.601270064,
UserID1,1/6/2023,9:00:00,0.475435268,
UserID1,1/6/2023,10:00:00,0.469444002,
UserID1,1/6/2023,11:00:00,0.444137533,
UserID1,1/6/2023,12:00:00,0.428472498,
UserID1,1/6/2023,13:00:00,0.505643486,
UserID1,1/6/2023,14:00:00,0.486002265,
UserID1,1/6/2023,15:00:00,0.53286719,
UserID1,1/6/2023,16:00:00,0.494620156,
UserID1,1/6/2023,17:00:00,0.473389641,
UserID1,1/6/2023,18:00:00,0.460033514,
UserID1,1/6/2023,19:00:00,0.495354756,
UserID1,1/6/2023,20:00:00,0.492586882,
UserID1,1/6/2023,21:00:00,0.515084972,
UserID1,1/6/2023,22:00:00,0.474773357,
UserID1,1/6/2023,23:00:00,0.508882758,
UserID1,1/7/2023,0:00:00,0.501530236,
UserID1,1/7/2023,1:00:00,0.524094278,
UserID1,1/7/2023,2:00:00,0.497264838,
UserID1,1/7/2023,3:00:00,0.447290474,
UserID1,1/7/2023,4:00:00,0.462283187,
UserID1,1/7/2023,5:00:00,0.519074038,
UserID1,1/7/2023,6:00:00,0.573384209,
UserID1,1/7/2023,7:00:00,0.450372253,
UserID1,1/7/2023,8:00:00,0.517856819,
UserID1,1/7/2023,9:00:00,0.520964304,
UserID1,1/7/2023,10:00:00,0.450347478,
UserID1,1/7/2023,11:00:00,0.541657119,
UserID1,1/7/2023,12:00:00,0.586417351,
UserID1,1/7/2023,13:00:00,0.507979482,
UserID1,1/7/2023,14:00:00,0.463990377,
UserID1,1/7/2023,15:00:00,0.538369319,
UserID1,1/7/2023,16:00:00,0.601405364,
UserID1,1/7/2023,17:00:00,0.347428897,
UserID1,1/7/2023,18:00:00,0.438355376,
UserID1,1/7/2023,19:00:00,0.588137978,
UserID1,1/7/2023,20:00:00,0.467387312,
UserID1,1/7/2023,21:00:00,0.549640244,
UserID1,1/7/2023,22:00:00,0.492044724,
UserID1,1/7/2023,23:00:00,0.449665458,
UserID1,1/8/2023,0:00:00,0.503632877,
UserID1,1/8/2023,1:00:00,0.483100196,
UserID1,1/8/2023,2:00:00,0.488978057,
UserID1,1/8/2023,3:00:00,0.51041748,
UserID1,1/8/2023,4:00:00,0.460132613,
UserID1,1/8/2023,5:00:00,0.49458065,
UserID1,1/8/2023,6:00:00,0.54237665,
UserID1,1/8/2023,7:00:00,0.447816125,
UserID1,1/8/2023,8:00:00,0.480785266,
UserID1,1/8/2023,9:00:00,0.532385125,
UserID1,1/8/2023,10:00:00,0.575112852,
UserID1,1/8/2023,11:00:00,0.423591148,
UserID1,1/8/2023,12:00:00,0.506175523,
UserID1,1/8/2023,13:00:00,0.502617381,
UserID1,1/8/2023,14:00:00,0.43169455,
UserID1,1/8/2023,15:00:00,0.508613397,
UserID1,1/8/2023,16:00:00,0.529354052,
UserID1,1/8/2023,17:00:00,0.533191075,
UserID1,1/8/2023,18:00:00,0.505181981,
UserID1,1/8/2023,19:00:00,0.531246736,
UserID1,1/8/2023,20:00:00,0.515456793,
UserID1,1/8/2023,21:00:00,0.380263712,
UserID1,1/8/2023,22:00:00,0.52790631,
UserID1,1/8/2023,23:00:00,0.394289319,
UserID1,1/9/2023,0:00:00,0.526554883,
UserID1,1/9/2023,1:00:00,0.545549896,
UserID1,1/9/2023,2:00:00,0.538274009,
UserID1,1/9/2023,3:00:00,0.43686353,
UserID1,1/9/2023,4:00:00,0.559439014,
UserID1,1/9/2023,5:00:00,0.523841174,
UserID1,1/9/2023,6:00:00,0.438849538,
UserID1,1/9/2023,7:00:00,0.4900983,
UserID1,1/9/2023,8:00:00,0.503001232,
UserID1,1/9/2023,9:00:00,0.430160105,
UserID1,1/9/2023,10:00:00,0.489217655,
UserID1,1/9/2023,11:00:00,0.489071971,
UserID1,1/9/2023,12:00:00,0.494054581,
UserID1,1/9/2023,13:00:00,0.466694828,
UserID1,1/9/2023,14:00:00,0.578548789,
UserID1,1/9/2023,15:00:00,0.387728201,
UserID1,1/9/2023,16:00:00,0.550495434,
UserID1,1/9/2023,17:00:00,0.46470962,
UserID1,1/9/2023,18:00:00,0.492698071,
UserID1,1/9/2023,19:00:00,0.509077537,
UserID1,1/9/2023,20:00:00,0.392346777,
UserID1,1/9/2023,21:00:00,0.439557492,
UserID1,1/9/2023,22:00:00,0.604959379,
UserID1,1/9/2023,23:00:00,0.458014053,
UserID1,1/10/2023,0:00:00,0.493390617,
UserID1,1/10/2023,1:00:00,0.534875406,
UserID1,1/10/2023,2:00:00,0.428462502,
UserID1,1/10/2023,3:00:00,0.495284233,
UserID1,1/10/2023,4:00:00,0.504100676,
UserID1,1/10/2023,5:00:00,0.504893327,
UserID1,1/10/2023,6:00:00,0.574092479,
UserID1,1/10/2023,7:00:00,0.467466805,
UserID1,1/10/2023,8:00:00,0.419063005,
UserID1,1/10/2023,9:00:00,0.484485028,
UserID1,1/10/2023,10:00:00,0.549567744,
UserID1,1/10/2023,11:00:00,0.555234965,
UserID1,1/10/2023,12:00:00,0.47600912,
UserID1,1/10/2023,13:00:00,0.467033473,
UserID1,1/10/2023,14:00:00,0.497344457,
UserID1,1/10/2023,15:00:00,0.571722889,
UserID1,1/10/2023,16:00:00,0.507328068,
UserID1,1/10/2023,17:00:00,0.476586372,
UserID1,1/10/2023,18:00:00,0.426645334,
UserID1,1/10/2023,19:00:00,0.468257026,
UserID1,1/10/2023,20:00:00,0.479727531,
UserID1,1/10/2023,21:00:00,0.440721226,
UserID1,1/10/2023,22:00:00,0.471682426,
UserID1,1/10/2023,23:00:00,0.488883931,
UserID1,1/11/2023,0:00:00,0.492114001,
UserID1,1/11/2023,1:00:00,0.491541046,
UserID1,1/11/2023,2:00:00,0.429595394,
UserID1,1/11/2023,3:00:00,0.643978149,
UserID1,1/11/2023,4:00:00,0.600173919,
UserID1,1/11/2023,5:00:00,0.436557466,
UserID1,1/11/2023,6:00:00,0.446994049,
UserID1,1/11/2023,7:00:00,0.501306657,
UserID1,1/11/2023,8:00:00,0.445349775,
UserID1,1/11/2023,9:00:00,0.479096303,
UserID1,1/11/2023,10:00:00,0.54683774,
UserID1,1/11/2023,11:00:00,0.580068944,
UserID1,1/11/2023,12:00:00,0.532382921,
UserID1,1/11/2023,13:00:00,0.482881419,
UserID1,1/11/2023,14:00:00,0.522705742,
UserID1,1/11/2023,15:00:00,0.434364654,
UserID1,1/11/2023,16:00:00,0.485596537,
UserID1,1/11/2023,17:00:00,0.511713138,
UserID1,1/11/2023,18:00:00,0.535840206,
UserID1,1/11/2023,19:00:00,0.563723351,
UserID1,1/11/2023,20:00:00,0.446559789,
UserID1,1/11/2023,21:00:00,0.567215021,
UserID1,1/11/2023,22:00:00,0.481176966,
UserID1,1/11/2023,23:00:00,0.557272794,
UserID1,1/12/2023,0:00:00,0.514814476,
UserID1,1/12/2023,1:00:00,0.525697379,
UserID1,1/12/2023,2:00:00,0.538039283,
UserID1,1/12/2023,3:00:00,0.542178513,
UserID1,1/12/2023,4:00:00,0.446291965,
UserID1,1/12/2023,5:00:00,0.551130591,
UserID1,1/12/2023,6:00:00,0.539827785,
UserID1,1/12/2023,7:00:00,0.482638738,
UserID1,1/12/2023,8:00:00,0.523685641,
UserID1,1/12/2023,9:00:00,0.477897819,
UserID1,1/12/2023,10:00:00,0.490942641,
UserID1,1/12/2023,11:00:00,0.406183693,
UserID1,1/12/2023,12:00:00,0.54101725,
UserID1,1/12/2023,13:00:00,0.544886583,
UserID1,1/12/2023,14:00:00,0.526995318,
UserID1,1/12/2023,15:00:00,0.413637468,
UserID1,1/12/2023,16:00:00,0.468846051,
UserID1,1/12/2023,17:00:00,0.491739191,
UserID1,1/12/2023,18:00:00,0.556582338,
UserID1,1/12/2023,19:00:00,0.607943905,
UserID1,1/12/2023,20:00:00,0.467218957,
UserID1,1/12/2023,21:00:00,0.422152826,
UserID1,1/12/2023,22:00:00,0.451176845,
UserID1,1/12/2023,23:00:00,0.56690156,
UserID1,1/13/2023,0:00:00,0.523552122,
UserID1,1/13/2023,1:00:00,0.438363246,
UserID1,1/13/2023,2:00:00,0.423518006,
UserID1,1/13/2023,3:00:00,0.542885527,
UserID1,1/13/2023,4:00:00,0.478282782,
UserID1,1/13/2023,5:00:00,0.531702822,
UserID1,1/13/2023,6:00:00,0.536105518,
UserID1,1/13/2023,7:00:00,0.470422059,
UserID1,1/13/2023,8:00:00,0.491221162,
UserID1,1/13/2023,9:00:00,0.509454747,
UserID1,1/13/2023,10:00:00,0.47574501,
UserID1,1/13/2023,11:00:00,0.500960069,
UserID1,1/13/2023,12:00:00,0.569008004,
UserID1,1/13/2023,13:00:00,0.527454418,
UserID1,1/13/2023,14:00:00,0.501755018,
UserID1,1/13/2023,15:00:00,0.534931657,
UserID1,1/13/2023,16:00:00,0.579263664,
UserID1,1/13/2023,17:00:00,0.579688704,
UserID1,1/13/2023,18:00:00,0.478938384,
UserID1,1/13/2023,19:00:00,0.466555891,
UserID1,1/13/2023,20:00:00,0.605931856,
UserID1,1/13/2023,21:00:00,0.434617212,
UserID1,1/13/2023,22:00:00,0.530060068,
UserID1,1/13/2023,23:00:00,0.622118168,
UserID1,1/14/2023,0:00:00,0.507037226,
UserID1,1/14/2023,1:00:00,0.596128797,
UserID1,1/14/2023,2:00:00,0.482657906,
UserID1,1/14/2023,3:00:00,0.520336136,
UserID1,1/14/2023,4:00:00,0.525127467,
UserID1,1/14/2023,5:00:00,0.479716491,
UserID1,1/14/2023,6:00:00,0.494699602,
UserID1,1/14/2023,7:00:00,0.537470996,
UserID1,1/14/2023,8:00:00,0.551960925,
UserID1,1/14/2023,9:00:00,0.481202065,
UserID1,1/14/2023,10:00:00,0.409011498,
UserID1,1/14/2023,11:00:00,0.428089961,
UserID1,1/14/2023,12:00:00,0.486215872,
UserID1,1/14/2023,13:00:00,0.549441279,
UserID1,1/14/2023,14:00:00,0.398015594,
UserID1,1/14/2023,15:00:00,0.474954215,
UserID1,1/14/2023,16:00:00,0.599038922,
UserID1,1/14/2023,17:00:00,0.535008753,
UserID1,1/14/2023,18:00:00,0.476744809,
UserID1,1/14/2023,19:00:00,0.51188255,
UserID1,1/14/2023,20:00:00,0.436141129,
UserID1,1/14/2023,21:00:00,0.510371273,
UserID1,1/14/2023,22:00:00,0.525285682,
UserID1,1/14/2023,23:00:00,0.429587661,
UserID1,1/15/2023,0:00:00,0.558409244,
UserID1,1/15/2023,1:00:00,0.501445064,
UserID1,1/15/2023,2:00:00,0.523008028,
UserID1,1/15/2023,3:00:00,0.483068763,
UserID1,1/15/2023,4:00:00,0.40906901,
UserID1,1/15/2023,5:00:00,0.540808338,
UserID1,1/15/2023,6:00:00,0.532681671,
UserID1,1/15/2023,7:00:00,0.558331706,
UserID1,1/15/2023,8:00:00,0.523409749,
UserID1,1/15/2023,9:00:00,0.470038426,
UserID1,1/15/2023,10:00:00,0.455220451,
UserID1,1/15/2023,11:00:00,0.447853526,
UserID1,1/15/2023,12:00:00,0.541428895,
UserID1,1/15/2023,13:00:00,0.564922481,
UserID1,1/15/2023,14:00:00,0.532609883,
UserID1,1/15/2023,15:00:00,0.480422776,
UserID1,1/15/2023,16:00:00,0.55303841,
UserID1,1/15/2023,17:00:00,0.473982684,
UserID1,1/15/2023,18:00:00,0.462456446,
UserID1,1/15/2023,19:00:00,0.578942003,
UserID1,1/15/2023,20:00:00,0.541462319,
UserID1,1/15/2023,21:00:00,0.419386115,
UserID1,1/15/2023,22:00:00,0.495234571,
UserID1,1/15/2023,23:00:00,0.583550797,
UserID1,1/16/2023,0:00:00,0.154458882,
UserID1,1/16/2023,1:00:00,0.207300607,
UserID1,1/16/2023,2:00:00,0.184082474,
UserID1,1/16/2023,3:00:00,0.966259259,
UserID1,1/16/2023,4:00:00,1.00509712,
UserID1,1/16/2023,5:00:00,1.013243187,
UserID1,1/16/2023,6:00:00,0.214306799,
UserID1,1/16/2023,7:00:00,0.210372431,
UserID1,1/16/2023,8:00:00,0.131039085,
UserID1,1/16/2023,9:00:00,0.991655601,
UserID1,1/16/2023,10:00:00,0.256880746,
UserID1,1/16/2023,11:00:00,0.192481387,
UserID1,1/16/2023,12:00:00,0.179463149,
UserID1,1/16/2023,13:00:00,1.075686698,
UserID1,1/16/2023,14:00:00,0.197042029,
UserID1,1/16/2023,15:00:00,1.016282017,
UserID1,1/16/2023,16:00:00,0.291482549,
UserID1,1/16/2023,17:00:00,0.190399433,
UserID1,1/16/2023,18:00:00,1.003676958,
UserID1,1/16/2023,19:00:00,0.21781478,
UserID1,1/16/2023,20:00:00,0.226141548,
UserID1,1/16/2023,21:00:00,0.218980002,
UserID1,1/16/2023,22:00:00,0.13343707,
UserID1,1/16/2023,23:00:00,0.20266356,
UserID1,1/17/2023,0:00:00,0.430806949,
UserID1,1/17/2023,1:00:00,0.565350745,
UserID1,1/17/2023,2:00:00,0.501904825,
UserID1,1/17/2023,3:00:00,0.480694646,
UserID1,1/17/2023,4:00:00,0.569938066,
UserID1,1/17/2023,5:00:00,0.48869711,
UserID1,1/17/2023,6:00:00,0.429711826,
UserID1,1/17/2023,7:00:00,0.380636143,
UserID1,1/17/2023,8:00:00,0.533330916,
UserID1,1/17/2023,9:00:00,0.508496576,
UserID1,1/17/2023,10:00:00,0.597625913,
UserID1,1/17/2023,11:00:00,0.46654792,
UserID1,1/17/2023,12:00:00,0.499663368,
UserID1,1/17/2023,13:00:00,0.531582844,
UserID1,1/17/2023,14:00:00,0.436742612,
UserID1,1/17/2023,15:00:00,0.54807949,
UserID1,1/17/2023,16:00:00,0.504941887,
UserID1,1/17/2023,17:00:00,0.560366475,
UserID1,1/17/2023,18:00:00,0.543245767,
UserID1,1/17/2023,19:00:00,0.477306315,
UserID1,1/17/2023,20:00:00,0.568607726,
UserID1,1/17/2023,21:00:00,0.569363091,
UserID1,1/17/2023,22:00:00,0.565851911,
UserID1,1/17/2023,23:00:00,0.583074705,
UserID1,1/18/2023,0:00:00,0.557588714,
UserID1,1/18/2023,1:00:00,0.50451755,
UserID1,1/18/2023,2:00:00,0.461740261,
UserID1,1/18/2023,3:00:00,0.575614281,
UserID1,1/18/2023,4:00:00,0.507346409,
UserID1,1/18/2023,5:00:00,0.599581159,
UserID1,1/18/2023,6:00:00,0.46982624,
UserID1,1/18/2023,7:00:00,0.496262106,
UserID1,1/18/2023,8:00:00,0.432310369,
UserID1,1/18/2023,9:00:00,0.481657533,
UserID1,1/18/2023,10:00:00,0.641057105,
UserID1,1/18/2023,11:00:00,0.462977296,
UserID1,1/18/2023,12:00:00,0.432631297,
UserID1,1/18/2023,13:00:00,0.509359181,
UserID1,1/18/2023,14:00:00,0.523587555,
UserID1,1/18/2023,15:00:00,0.42945227,
UserID1,1/18/2023,16:00:00,0.474450557,
UserID1,1/18/2023,17:00:00,0.552710284,
UserID1,1/18/2023,18:00:00,0.500833658,
UserID1,1/18/2023,19:00:00,0.464771711,
UserID1,1/18/2023,20:00:00,0.513741455,
UserID1,1/18/2023,21:00:00,0.524635126,
UserID1,1/18/2023,22:00:00,0.435931985,
UserID1,1/18/2023,23:00:00,0.497845226,
UserID1,1/19/2023,0:00:00,0.460742781,
UserID1,1/19/2023,1:00:00,0.483016779,
UserID1,1/19/2023,2:00:00,0.484906935,
UserID1,1/19/2023,3:00:00,0.525478254,
UserID1,1/19/2023,4:00:00,0.466073378,
UserID1,1/19/2023,5:00:00,0.481690258,
UserID1,1/19/2023,6:00:00,0.604844826,
UserID1,1/19/2023,7:00:00,0.506098859,
UserID1,1/19/2023,8:00:00,0.515846058,
UserID1,1/19/2023,9:00:00,0.529683498,
UserID1,1/19/2023,10:00:00,0.525491215,
UserID1,1/19/2023,11:00:00,0.593324098,
UserID1,1/19/2023,12:00:00,0.501897482,
UserID1,1/19/2023,13:00:00,0.615167904,
UserID1,1/19/2023,14:00:00,0.501035161,
UserID1,1/19/2023,15:00:00,0.635615879,
UserID1,1/19/2023,16:00:00,0.532923168,
UserID1,1/19/2023,17:00:00,0.536452527,
UserID1,1/19/2023,18:00:00,0.457573803,
UserID1,1/19/2023,19:00:00,0.391798687,
UserID1,1/19/2023,20:00:00,0.512131005,
UserID1,1/19/2023,21:00:00,0.527346653,
UserID1,1/19/2023,22:00:00,0.533230657,
UserID1,1/19/2023,23:00:00,0.485584912,
UserID1,1/20/2023,0:00:00,0.487282248,
UserID1,1/20/2023,1:00:00,0.511039784,
UserID1,1/20/2023,2:00:00,0.37039167,
UserID1,1/20/2023,3:00:00,0.537497261,
UserID1,1/20/2023,4:00:00,0.586734307,
UserID1,1/20/2023,5:00:00,0.473438328,
UserID1,1/20/2023,6:00:00,0.476963809,
UserID1,1/20/2023,7:00:00,0.422174352,
UserID1,1/20/2023,8:00:00,0.457007125,
UserID1,1/20/2023,9:00:00,0.422559429,
UserID1,1/20/2023,10:00:00,0.436298601,
UserID1,1/20/2023,11:00:00,0.432778898,
UserID1,1/20/2023,12:00:00,0.542961435,
UserID1,1/20/2023,13:00:00,0.454767231,
UserID1,1/20/2023,14:00:00,0.509938813,
UserID1,1/20/2023,15:00:00,0.590523938,
UserID1,1/20/2023,16:00:00,0.348240605,
UserID1,1/20/2023,17:00:00,0.526838398,
UserID1,1/20/2023,18:00:00,0.567586157,
UserID1,1/20/2023,19:00:00,0.574036015,
UserID1,1/20/2023,20:00:00,0.542985417,
UserID1,1/20/2023,21:00:00,0.601545568,
UserID1,1/20/2023,22:00:00,0.5391461,
UserID1,1/20/2023,23:00:00,0.488539034,
UserID1,1/21/2023,0:00:00,0.570918354,
UserID1,1/21/2023,1:00:00,0.396130253,
UserID1,1/21/2023,2:00:00,0.508821554,
UserID1,1/21/2023,3:00:00,0.523314476,
UserID1,1/21/2023,4:00:00,0.52577585,
UserID1,1/21/2023,5:00:00,0.508222519,
UserID1,1/21/2023,6:00:00,0.479492908,
UserID1,1/21/2023,7:00:00,0.409220544,
UserID1,1/21/2023,8:00:00,0.451161702,
UserID1,1/21/2023,9:00:00,0.554760144,
UserID1,1/21/2023,10:00:00,0.571863511,
UserID1,1/21/2023,11:00:00,0.43226651,
UserID1,1/21/2023,12:00:00,0.53250404,
UserID1,1/21/2023,13:00:00,0.549812162,
UserID1,1/21/2023,14:00:00,0.402143456,
UserID1,1/21/2023,15:00:00,0.438518669,
UserID1,1/21/2023,16:00:00,0.564917409,
UserID1,1/21/2023,17:00:00,0.412588937,
UserID1,1/21/2023,18:00:00,0.499632564,
UserID1,1/21/2023,19:00:00,0.472321043,
UserID1,1/21/2023,20:00:00,0.632716825,
UserID1,1/21/2023,21:00:00,0.595582399,
UserID1,1/21/2023,22:00:00,0.537212119,
UserID1,1/21/2023,23:00:00,0.446034546,
UserID1,1/22/2023,0:00:00,0.475091016,
UserID1,1/22/2023,1:00:00,0.542698187,
UserID1,1/22/2023,2:00:00,0.488752304,
UserID1,1/22/2023,3:00:00,0.57972909,
UserID1,1/22/2023,4:00:00,0.511025464,
UserID1,1/22/2023,5:00:00,0.576702042,
UserID1,1/22/2023,6:00:00,0.491000288,
UserID1,1/22/2023,7:00:00,0.596603026,
UserID1,1/22/2023,8:00:00,0.47793226,
UserID1,1/22/2023,9:00:00,0.504707799,
UserID1,1/22/2023,10:00:00,0.551457434,
UserID1,1/22/2023,11:00:00,0.526512439,
UserID1,1/22/2023,12:00:00,0.521750956,
UserID1,1/22/2023,13:00:00,0.476755489,
UserID1,1/22/2023,14:00:00,0.458169219,
UserID1,1/22/2023,15:00:00,0.489216822,
UserID1,1/22/2023,16:00:00,0.44555712,
UserID1,1/22/2023,17:00:00,0.476358808,
UserID1,1/22/2023,18:00:00,0.494926404,
UserID1,1/22/2023,19:00:00,0.454864158,
UserID1,1/22/2023,20:00:00,0.52077269,
UserID1,1/22/2023,21:00:00,0.560213839,
UserID1,1/22/2023,22:00:00,0.469247051,
UserID1,1/22/2023,23:00:00,0.469727206,
UserID1,1/23/2023,0:00:00,0.037435228,
UserID1,1/23/2023,1:00:00,0.992653131,
UserID1,1/23/2023,2:00:00,0.94536488,
UserID1,1/23/2023,3:00:00,0.956466579,
UserID1,1/23/2023,4:00:00,0.323899237,
UserID1,1/23/2023,5:00:00,0.284430701,
UserID1,1/23/2023,6:00:00,0.954470332,
UserID1,1/23/2023,7:00:00,1.008346327,
UserID1,1/23/2023,8:00:00,0.164257405,
UserID1,1/23/2023,9:00:00,0.973074754,
UserID1,1/23/2023,10:00:00,0.986502467,
UserID1,1/23/2023,11:00:00,1.028877478,
UserID1,1/23/2023,12:00:00,0.28926521,
UserID1,1/23/2023,13:00:00,1.068707498,
UserID1,1/23/2023,14:00:00,0.217988465,
UserID1,1/23/2023,15:00:00,0.18571829,
UserID1,1/23/2023,16:00:00,0.305887618,
UserID1,1/23/2023,17:00:00,0.191603113,
UserID1,1/23/2023,18:00:00,1.063840155,
UserID1,1/23/2023,19:00:00,0.254237066,
UserID1,1/23/2023,20:00:00,0.987320824,
UserID1,1/23/2023,21:00:00,0.998103679,
UserID1,1/23/2023,22:00:00,0.984307163,
UserID1,1/23/2023,23:00:00,1.011233331,
UserID1,1/24/2023,0:00:00,0.522669614,
UserID1,1/24/2023,1:00:00,0.315570699,
UserID1,1/24/2023,2:00:00,0.47043637,
UserID1,1/24/2023,3:00:00,0.49947278,
UserID1,1/24/2023,4:00:00,0.476272969,
UserID1,1/24/2023,5:00:00,0.493049032,
UserID1,1/24/2023,6:00:00,0.556567529,
UserID1,1/24/2023,7:00:00,0.492191207,
UserID1,1/24/2023,8:00:00,0.42266661,
UserID1,1/24/2023,9:00:00,0.547872502,
UserID1,1/24/2023,10:00:00,0.532925266,
UserID1,1/24/2023,11:00:00,0.548145897,
UserID1,1/24/2023,12:00:00,0.460511637,
UserID1,1/24/2023,13:00:00,0.419773385,
UserID1,1/24/2023,14:00:00,0.45175526,
UserID1,1/24/2023,15:00:00,0.479474834,
UserID1,1/24/2023,16:00:00,0.367179282,
UserID1,1/24/2023,17:00:00,0.441137845,
UserID1,1/24/2023,18:00:00,0.438467234,
UserID1,1/24/2023,19:00:00,0.553054817,
UserID1,1/24/2023,20:00:00,0.526086275,
UserID1,1/24/2023,21:00:00,0.473611668,
UserID1,1/24/2023,22:00:00,0.539194144,
UserID1,1/24/2023,23:00:00,0.526754772,
UserID1,1/25/2023,0:00:00,0.423075751,
UserID1,1/25/2023,1:00:00,0.475184999,
UserID1,1/25/2023,2:00:00,0.603575507,
UserID1,1/25/2023,3:00:00,0.357604424,
UserID1,1/25/2023,4:00:00,0.486743495,
UserID1,1/25/2023,5:00:00,0.454631497,
UserID1,1/25/2023,6:00:00,0.566564912,
UserID1,1/25/2023,7:00:00,0.502929967,
UserID1,1/25/2023,8:00:00,0.51516685,
UserID1,1/25/2023,9:00:00,0.51668757,
UserID1,1/25/2023,10:00:00,0.443027526,
UserID1,1/25/2023,11:00:00,0.618116752,
UserID1,1/25/2023,12:00:00,0.43472653,
UserID1,1/25/2023,13:00:00,0.553412235,
UserID1,1/25/2023,14:00:00,0.51156473,
UserID1,1/25/2023,15:00:00,0.501178324,
UserID1,1/25/2023,16:00:00,0.567203813,
UserID1,1/25/2023,17:00:00,0.442799923,
UserID1,1/25/2023,18:00:00,0.505778477,
UserID1,1/25/2023,19:00:00,0.459812134,
UserID1,1/25/2023,20:00:00,0.558771008,
UserID1,1/25/2023,21:00:00,0.513803531,
UserID1,1/25/2023,22:00:00,0.528372078,
UserID1,1/25/2023,23:00:00,0.505948179,
UserID1,1/26/2023,0:00:00,0.434046105,
UserID1,1/26/2023,1:00:00,0.532428086,
UserID1,1/26/2023,2:00:00,0.522136271,
UserID1,1/26/2023,3:00:00,0.522184564,
UserID1,1/26/2023,4:00:00,0.418150473,
UserID1,1/26/2023,5:00:00,0.577588047,
UserID1,1/26/2023,6:00:00,0.497976612,
UserID1,1/26/2023,7:00:00,0.477694447,
UserID1,1/26/2023,8:00:00,0.441507403,
UserID1,1/26/2023,9:00:00,0.503003928,
UserID1,1/26/2023,10:00:00,0.52246759,
UserID1,1/26/2023,11:00:00,0.466177513,
UserID1,1/26/2023,12:00:00,0.560953509,
UserID1,1/26/2023,13:00:00,0.467444645,
UserID1,1/26/2023,14:00:00,0.563099963,
UserID1,1/26/2023,15:00:00,0.475229235,
UserID1,1/26/2023,16:00:00,0.577865616,
UserID1,1/26/2023,17:00:00,0.470850476,
UserID1,1/26/2023,18:00:00,0.504859025,
UserID1,1/26/2023,19:00:00,0.515544325,
UserID1,1/26/2023,20:00:00,0.472066495,
UserID1,1/26/2023,21:00:00,0.460619563,
UserID1,1/26/2023,22:00:00,0.421180214,
UserID1,1/26/2023,23:00:00,0.422105807,
UserID1,1/27/2023,0:00:00,0.450982443,
UserID1,1/27/2023,1:00:00,0.591974134,
UserID1,1/27/2023,2:00:00,0.534535318,
UserID1,1/27/2023,3:00:00,0.426206682,
UserID1,1/27/2023,4:00:00,0.505663213,
UserID1,1/27/2023,5:00:00,0.519358895,
UserID1,1/27/2023,6:00:00,0.488567938,
UserID1,1/27/2023,7:00:00,0.460319012,
UserID1,1/27/2023,8:00:00,0.528844982,
UserID1,1/27/2023,9:00:00,0.509714545,
UserID1,1/27/2023,10:00:00,0.501864979,
UserID1,1/27/2023,11:00:00,0.397722635,
UserID1,1/27/2023,12:00:00,0.539783789,
UserID1,1/27/2023,13:00:00,0.473794317,
UserID1,1/27/2023,14:00:00,0.567717499,
UserID1,1/27/2023,15:00:00,0.549693463,
UserID1,1/27/2023,16:00:00,0.474304859,
UserID1,1/27/2023,17:00:00,0.507216517,
UserID1,1/27/2023,18:00:00,0.510110418,
UserID1,1/27/2023,19:00:00,0.519714423,
UserID1,1/27/2023,20:00:00,0.496583034,
UserID1,1/27/2023,21:00:00,0.516767328,
UserID1,1/27/2023,22:00:00,0.507363288,
UserID1,1/27/2023,23:00:00,0.55904938,
UserID1,1/28/2023,0:00:00,0.448148183,
UserID1,1/28/2023,1:00:00,0.433444769,
UserID1,1/28/2023,2:00:00,0.526832964,
UserID1,1/28/2023,3:00:00,0.512296415,
UserID1,1/28/2023,4:00:00,0.522581438,
UserID1,1/28/2023,5:00:00,0.513234723,
UserID1,1/28/2023,6:00:00,0.479896903,
UserID1,1/28/2023,7:00:00,0.537996218,
UserID1,1/28/2023,8:00:00,0.447472431,
UserID1,1/28/2023,9:00:00,0.51396184,
UserID1,1/28/2023,10:00:00,0.459349464,
UserID1,1/28/2023,11:00:00,0.560982474,
UserID1,1/28/2023,12:00:00,0.4848133,
UserID1,1/28/2023,13:00:00,0.502645325,
UserID1,1/28/2023,14:00:00,0.517313711,
UserID1,1/28/2023,15:00:00,0.468994227,
UserID1,1/28/2023,16:00:00,0.501599632,
UserID1,1/28/2023,17:00:00,0.402870323,
UserID1,1/28/2023,18:00:00,0.487384393,
UserID1,1/28/2023,19:00:00,0.460434704,
UserID1,1/28/2023,20:00:00,0.443802707,
UserID1,1/28/2023,21:00:00,0.492407906,
UserID1,1/28/2023,22:00:00,0.504852355,
UserID1,1/28/2023,23:00:00,0.531006016,
UserID1,1/29/2023,0:00:00,0.945671866,
UserID1,1/29/2023,1:00:00,0.976926109,
UserID1,1/29/2023,2:00:00,1.020921338,
UserID1,1/29/2023,3:00:00,0.239123049,
UserID1,1/29/2023,4:00:00,0.282949174,
UserID1,1/29/2023,5:00:00,1.017525832,
UserID1,1/29/2023,6:00:00,0.95951156,
UserID1,1/29/2023,7:00:00,0.269373414,
UserID1,1/29/2023,8:00:00,0.220624546,
UserID1,1/29/2023,9:00:00,0.251384445,
UserID1,1/29/2023,10:00:00,0.16390596,
UserID1,1/29/2023,11:00:00,0.125228598,
UserID1,1/29/2023,12:00:00,0.985963805,
UserID1,1/29/2023,13:00:00,1.001392837,
UserID1,1/29/2023,14:00:00,1.039606595,
UserID1,1/29/2023,15:00:00,0.239618729,
UserID1,1/29/2023,16:00:00,0.167302213,
UserID1,1/29/2023,17:00:00,1.046895554,
UserID1,1/29/2023,18:00:00,1.073569709,
UserID1,1/29/2023,19:00:00,1.005748863,
UserID1,1/29/2023,20:00:00,0.268057404,
UserID1,1/29/2023,21:00:00,0.983799486,
UserID1,1/29/2023,22:00:00,0.161550371,
UserID1,1/29/2023,23:00:00,1.040919056,
UserID1,1/30/2023,0:00:00,0.593814467,
UserID1,1/30/2023,1:00:00,0.504739502,
UserID1,1/30/2023,2:00:00,0.573591226,
UserID1,1/30/2023,3:00:00,0.430267354,
UserID1,1/30/2023,4:00:00,0.490496288,
UserID1,1/30/2023,5:00:00,0.442530083,
UserID1,1/30/2023,6:00:00,0.480681866,
UserID1,1/30/2023,7:00:00,0.505913334,
UserID1,1/30/2023,8:00:00,0.355357692,
UserID1,1/30/2023,9:00:00,0.504017879,
UserID1,1/30/2023,10:00:00,0.536092293,
UserID1,1/30/2023,11:00:00,0.42135602,
UserID1,1/30/2023,12:00:00,0.490190378,
UserID1,1/30/2023,13:00:00,0.474227728,
UserID1,1/30/2023,14:00:00,0.526536631,
UserID1,1/30/2023,15:00:00,0.500061709,
UserID1,1/30/2023,16:00:00,0.476714761,
UserID1,1/30/2023,17:00:00,0.493366356,
UserID1,1/30/2023,18:00:00,0.548578088,
UserID1,1/30/2023,19:00:00,0.501190304,
UserID1,1/30/2023,20:00:00,0.505989644,
UserID1,1/30/2023,21:00:00,0.429540253,
UserID1,1/30/2023,22:00:00,0.535237063,
UserID1,1/30/2023,23:00:00,0.426140262,
